url,pagerank
https://ailab.fai.utb.cz/our-team,0.08099488496684143
https://ailab.fai.utb.cz/resources,0.08099488496684143
https://ailab.fai.utb.cz/projects,0.08051073832674428
https://ailab.fai.utb.cz/,0.08051073832674427
https://ailab.fai.utb.cz/about-us,0.08051073832674427
https://ailab.fai.utb.cz/bibliography,0.08051073832674427
https://ailab.fai.utb.cz/competitions,0.08051073832674427
https://ailab.fai.utb.cz/contact,0.08051073832674427
https://ailab.fai.utb.cz/first-competition-on-llm-designed-ea,0.08051073832674427
https://ailab.fai.utb.cz/publicity,0.08051073832674427
https://ailab.fai.utb.cz/thesis-topics,0.08051073832674427
https://ailab.fai.utb.cz/wcci24specialsession,0.08051073832674427
https://ailab.fai.utb.cz/bison,0.01645142339943698
https://ailab.fai.utb.cz/de_dynamic_switch-py,0.01645142339943698
